index,peptide,peptide_num,sample_name,affinity,best_allele,processing_score,presentation_score,presentation_percentile
0,AYFKWYILR,0,sample1,4541.048170024753,HLA-A*24:02,0.8511461839079857,0.30062956728441564,1.3629347826086047
1,TARRTAIRI,1,sample1,466.3901305013684,HLA-B*27:05,0.030884812033036724,0.17714682855631117,1.9978260869564366
2,KFIKKLSLL,2,sample1,52.90347713083802,HLA-A*24:02,0.21924911253154278,0.7764089433365795,0.31524456521735544
3,GALFVVVGL,3,sample1,634.4066375256924,HLA-A*02:01,0.1252986015751958,0.18233536432063266,1.9543478260868739
4,TAMRTARRT,4,sample1,21027.882937107435,HLA-B*27:05,0.004285619064830826,0.004823651150632042,62.74467391304348
5,ILRMRLMFG,5,sample1,13719.80587143814,HLA-B*27:05,0.005853928509168327,0.007325339244412519,31.643179347826077
6,LSFIFFAIF,6,sample1,1601.6530700407618,HLA-A*24:02,0.008853977120452328,0.05666993699362744,4.585733695652138
7,KKLSLLNKM,7,sample1,422.36825505689507,HLA-B*27:05,0.1816935921087861,0.28783686096125705,1.4107065217390442
8,VVVGLIFIW,8,sample1,2863.9660573317565,HLA-A*24:02,0.0775027530908119,0.04173410689229448,6.047907608695624
9,GLIFIWSPV,9,sample1,22.525783201801982,HLA-A*02:01,0.006673562238574959,0.7895292945102009,0.2942391304347609
10,AMRTARRTA,10,sample1,3735.0669859862533,HLA-B*07:02,0.0038883428860572167,0.025278073563904754,9.494239130434764
11,IKKLSLLNK,11,sample1,466.54945037779305,HLA-B*27:05,0.061010948062175885,0.1931702989783404,1.8842934782608012
12,VLSFIFFAI,12,sample1,14.765367815643561,HLA-A*02:01,0.009658834838774055,0.8510587437213348,0.19774456521737704
13,SLLNKMIIL,13,sample1,52.5984618538203,HLA-A*02:01,0.5042435042560101,0.9054089811727807,0.1131793478261045
14,FAIFYICLS,14,sample1,12514.561430112357,HLA-A*02:01,0.009572025723173283,0.008109352754006583,27.61739130434782
15,ITLRIKFIK,15,sample1,1649.8135368450176,HLA-B*27:05,0.18287077732384205,0.09750533064852562,2.970652173912967
16,YFKWYILRM,16,sample1,1064.7768146589112,HLA-A*24:02,0.4732494316995144,0.3159373132592297,1.310815217391223
17,VLDFLFHVL,17,sample1,34.935407662956464,HLA-A*02:01,0.6202407516539097,0.9554981326546713,0.03964673913044692
18,LSLLNKMII,18,sample1,383.7724503550421,HLA-B*27:05,0.038458315655589104,0.21088227549208138,1.7730978260868966
19,AVLSFIFFA,19,sample1,24.618249632663996,HLA-A*02:01,0.07778258674079552,0.8156877906594103,0.25429347826086257
20,VTLRMTMRM,20,sample1,3401.7004870295636,HLA-B*27:05,0.05120101571083069,0.03248336849765933,7.558260869565203
21,TAIRIAMRI,21,sample1,996.6904198223854,HLA-B*27:05,0.373537071980536,0.2570966863468053,1.5385326086955615
22,TLRAYFKWY,22,sample1,16429.213384997784,HLA-B*27:05,0.07897491750190966,0.007959404588951089,31.643179347826077
23,IKFIKKLSL,23,sample1,210.2858601528407,HLA-B*27:05,0.6800546869635582,0.8227052088135868,0.24279891304345824
24,FYICLSTTF,24,sample1,29.15353974357005,HLA-A*24:02,0.5543407564982772,0.9529916352816107,0.04271739130436458
25,FIFFAIFYI,25,sample1,12.761134636806519,HLA-A*02:01,0.01306780450977385,0.8695166432709397,0.17043478260868028
26,YILRMRLMF,26,sample1,456.3524535599642,HLA-A*24:02,0.05130108544835821,0.19116938341174153,1.8984782608694957
27,VVGLIFIWS,27,sample1,18915.217464308273,HLA-A*02:01,0.0020259416050976142,0.005301053883964086,46.224673913043475
28,TLRIKFIKK,28,sample1,1491.6246942828789,HLA-B*27:05,0.6751209907233715,0.40475240622774983,1.0444565217389936
29,RTARRTAIR,29,sample1,994.1476865980173,HLA-B*27:05,0.012301280548854265,0.08812622557977187,3.1845108695651163
30,LIFIWSPVF,30,sample1,585.4386665699612,HLA-A*24:02,0.044029137352481484,0.15314828796721458,2.202255434782515
31,YICLSTTFR,31,sample1,11601.554709677499,HLA-B*27:05,0.009332018584245816,0.008715830086245487,27.61739130434782
32,WYILRMRLM,32,sample1,523.4793403373681,HLA-A*24:02,0.038965915417065844,0.16529122632880106,2.086195652173842
33,RVLDFLFHV,33,sample1,10.44762985132781,HLA-A*02:01,0.9259090721607208,0.9951346587886756,0.00019021739127822457
34,RALGALFVV,34,sample1,41.0177402627237,HLA-A*02:01,0.30606918781995773,0.8580534863765047,0.1871739130434804
35,LRAVLSFIF,35,sample1,85.19728713692287,HLA-B*27:05,0.03409804403781891,0.5316879359264884,0.7532880434781362
36,MTMRMAMRT,36,sample1,14721.22391040525,HLA-B*27:05,0.010227713843050878,0.006950132781254548,37.35904891304347
37,LFVVVGLIF,37,sample1,78.38565663158705,HLA-A*24:02,0.03286593421944417,0.5507011496575037,0.7151086956520629
38,LRAYFKWYI,38,sample1,222.2191723496369,HLA-B*27:05,0.11765244166599587,0.3755023248884094,1.1225271739129
39,IFYICLSTT,39,sample1,12110.979774163518,HLA-A*24:02,0.0025304319387942087,0.008165263390287975,27.61739130434782
40,FKWYILRMR,40,sample1,10174.809319949496,HLA-B*27:05,0.08678770063852426,0.012966343313094007,18.61798913043478
41,LRALGALFV,41,sample1,199.09471888730508,HLA-B*27:05,0.14263909170404077,0.4222505897773869,1.0016032608694445
42,ALFVVVGLI,42,sample1,71.93566364294692,HLA-A*02:01,0.06636090797837824,0.5999897779780738,0.6153804347825371
43,LRVLDFLFH,43,sample1,496.80047005266977,HLA-B*27:05,0.012497457166318782,0.15946525986119167,2.1379619565216643
44,VGLIFIWSP,44,sample1,20443.201906020862,HLA-B*27:05,0.09264476440148428,0.006763880768750452,37.35904891304347
45,KLSLLNKMI,45,sample1,564.8938924884474,HLA-A*02:01,0.015573574608424678,0.14478558807707764,2.2818206521738347
46,MRTAMRTAR,46,sample1,93.49669952751013,HLA-B*27:05,0.08565448480658233,0.5545424920980069,0.7080978260868562
47,FFAIFYICL,47,sample1,556.6483232813525,HLA-A*24:02,0.008680933209689101,0.1435389634700098,2.2920108695651606
48,LRMTMRMAM,48,sample1,73.9914913831179,HLA-B*27:05,0.0337973449495621,0.5653337271235577,0.6854076086955558
49,FVVVGLIFI,49,sample1,36.83637284497811,HLA-A*02:01,0.03615401010029018,0.7208456382107462,0.4032608695652158
50,ARRTAIRIA,50,sample1,774.4858481143176,HLA-B*27:05,0.44938747119158506,0.36639117753109424,1.1472282608693973
51,FIKKLSLLN,51,sample1,5998.561215035856,HLA-B*27:05,0.005728747302782722,0.01620838101158111,14.277038043478257
52,RIKFIKKLS,52,sample1,14703.047889913716,HLA-B*27:05,0.01586799934739247,0.007097682230368611,31.643179347826077
53,MAMRTAMRT,53,sample1,15610.12866212669,HLA-B*27:05,0.0052334029314806685,0.006453611831661097,37.35904891304347
54,MRLMFGKIN,54,sample1,2522.9336193064696,HLA-B*27:05,0.005178386021725601,0.03673684286462653,6.792608695652163
55,TLRAVLSFI,55,sample1,49.23480491462899,HLA-A*02:01,0.035838235286064446,0.6605483242107054,0.5077173913043254
56,IFFAIFYIC,56,sample1,1918.3801718935865,HLA-A*24:02,0.0013394697689363966,0.046795812355190994,5.44942934782604
57,AIFYICLST,57,sample1,2949.4908124403732,HLA-A*02:01,0.0022584440048376564,0.03141310901938692,7.778097826086963
58,RRTAIRIAM,58,sample1,57.90078763226649,HLA-B*27:05,0.7275663316249847,0.9505310924846581,0.046521739130440665
59,LRMRLMFGK,59,sample1,84.92396004684413,HLA-B*27:05,0.006600533633900341,0.5081876117815343,0.8042934782607176
60,MRTARRTAI,60,sample1,123.50610000759693,HLA-B*27:05,0.08275595575105399,0.48460387636486135,0.8537499999998772
61,TLRMTMRMA,61,sample1,16920.211438835988,HLA-A*02:01,0.02620044663490262,0.006427400503379806,37.35904891304347
62,KWYILRMRL,62,sample1,200.28596271534445,HLA-A*24:02,0.05526231229305267,0.34785386370292654,1.2049728260868449
63,RTAIRIAMR,63,sample1,1325.3458720656758,HLA-B*27:05,0.5816716067492962,0.3539934372033995,1.185489130434675
64,SFIFFAIFY,64,sample1,3534.9668974751253,HLA-A*24:02,0.33762357104569674,0.08181547620476198,3.3897826086955547
65,RAVLSFIFF,65,sample1,429.76623842624855,HLA-A*24:02,0.12144324649125338,0.24306415042064844,1.6023369565216399
66,FTLRAVLSF,66,sample1,338.08186105675094,HLA-B*27:05,0.21888417121954262,0.36398372040123445,1.1560326086955257
67,AMRTAMRTA,67,sample1,4955.510934857674,HLA-A*02:01,0.30636007990688086,0.05433777434697059,4.732201086956479
68,TLRVLDFLF,68,sample1,466.5173172912191,HLA-A*24:02,0.0781801724806428,0.2028256613763464,1.8201630434782032
69,TLRALGALF,69,sample1,550.5072711838293,HLA-B*27:05,0.045650759362615645,0.16183705002930066,2.1200543478259988
70,ALGALFVVV,70,sample1,25.655441360800655,HLA-A*02:01,0.3983559375628829,0.9296643674095261,0.07782608695652016
71,ITLRALGAL,71,sample1,329.512947812657,HLA-B*27:05,0.02681012375978753,0.22921290975531283,1.671005434782515
72,VTLRVLDFL,72,sample1,267.90858680054475,HLA-A*02:01,0.12664187652990222,0.3410761042571447,1.2269293478259584
73,LRIKFIKKL,73,sample1,62.19346821903711,HLA-B*27:05,0.5841969959437847,0.9152077591274722,0.09788043478259567
74,FTLRAYFKW,74,sample1,1485.4819015067956,HLA-A*24:02,0.1271463285665959,0.08943943603794041,3.1588586956520857
75,MRMAMRTAM,75,sample1,62.251388691010156,HLA-B*27:05,0.835310235619545,0.9632620073777606,0.028206521739164714
76,LLNKMIILK,76,sample1,442.66321826126966,HLA-B*27:05,0.3122452888637781,0.37998978510532644,1.111657608695495
77,RMAMRTAMR,77,sample1,1502.0470998406713,HLA-B*27:05,0.15706954593770206,0.09749276916509887,2.970652173912967
78,RAYFKWYIL,78,sample1,1043.59046662958,HLA-B*27:05,0.42384917475283146,0.28337777527987906,1.425407608695565
79,RMRLMFGKI,79,sample1,1361.9135741806745,HLA-B*27:05,0.05909662938211113,0.07749303963260341,3.526929347825998
80,LGALFVVVG,80,sample1,13174.571686219368,HLA-B*27:05,0.0027384693530621007,0.007534526757651304,31.643179347826077
81,RMTMRMAMR,81,sample1,1980.9585104050543,HLA-B*27:05,0.0417923666536808,0.0520504453551361,4.968641304347784
82,TMRMAMRTA,82,sample1,12625.623502939594,HLA-B*27:05,0.09144822272355668,0.010713401946615934,22.19230978260869
83,RTAMRTARR,83,sample1,2618.7335268305847,HLA-B*27:05,0.01617553035612218,0.03683280906417748,6.792608695652163
84,AIRIAMRIA,84,sample1,18976.64466409422,HLA-B*27:05,0.09844889724627137,0.007417066499958831,31.643179347826077
85,LDFLFHVLV,85,sample1,6207.573438128156,HLA-A*02:01,0.08048167685046792,0.0203389401429512,11.6303260869565
